<?xml version="1.0" encoding="UTF-8"?>
<window>
    <controls>
        <control type="videowindow">
            <width>1920</width>
            <height>1080</height>
        </control>
        <control type="group">
            <visible>Player.HasVideo</visible>
            <left>20</left>
            <top>20</top>
            <control type="image">
                <width>60</width>
                <height>60</height>
                <aspectratio aligny="top">keep</aspectratio>
                <texture colordiffuse="B3CCCCCC">fen_common/fen.png</texture>
            </control>
            <control type="label">
                <left>70</left>
                <top>13</top>
                <width max="1160">auto</width>
                <height>20</height>
                <font>font_tiny</font> <!-- FEN_21 -->
                <label>[COLOR B3CCCCCC][B]$ADDON[plugin.video.fen 33138][/B][/COLOR]</label>
            </control>
        </control>
        <control type="progress" id="5000">
            <visible>Player.HasVideo</visible>
            <description>Progressbar</description>
            <top>1040</top>
            <left>50</left>
            <width>1820</width>
            <height>20</height>
            <info>Player.Progress</info>
        </control>
    </controls>
</window>