<?xml version="1.0" encoding="UTF-8" standalone="yes"?>
<addon id="repository.WizNino" name="WizNino Repository" version="1.0.0" provider-name="WizNino">
    <extension point="xbmc.addon.repository" name="WizNino Repository">
        <dir>
			<info compressed="false">https://raw.githubusercontent.com/ninodademon/repository.WizNino/master/repo/zips/addons.xml</info>
            <checksum>https://raw.githubusercontent.com/ninodademon/repository.WizNino/master/repo/zips/addons.xml.md5</checksum>
            <datadir zip="true">https://raw.githubusercontent.com/ninodademon/repository.WizNino/master/repo/zips/</datadir>
		</dir>
        <dir minversion="21.0.0">
			<info compressed="false">https://raw.githubusercontent.com/ninodademon/repository.WizNino/master/omega/zips/addons.xml</info>
    		<checksum>https://raw.githubusercontent.com/ninodademon/repository.WizNino/master/omega/zips/addons.xml.md5</checksum>
			<datadir zip="true">https://raw.githubusercontent.com/ninodademon/repository.WizNino/master/omega/zips/</datadir>
		</dir>
		<dir minversion="20.0.0" maxversion="20.9.9">
			<info compressed="false">https://raw.githubusercontent.com/ninodademon/repository.WizNino/master/nexus/zips/addons.xml</info>
			<checksum>https://raw.githubusercontent.com/ninodademon/repository.WizNino/master/nexus/zips/addons.xml.md5</checksum>
			<datadir zip="true">https://raw.githubusercontent.com/ninodademon/repository.WizNino/master/nexus/zips/</datadir>
		</dir>
    </extension>
    <extension point="xbmc.addon.metadata">
        <summary>WizNino Repository</summary>
        <description>New Repository for Addons, Wizards, Etc</description>
        <disclaimer></disclaimer>
        <platform>all</platform>
        <assets>
            <icon>icon.png</icon>
            <fanart>fanart.jpg</fanart>
        </assets>
    </extension>
</addon>
