<?xml version="1.0" encoding="UTF-8" standalone="yes"?>
<addon id="repository.WizNino" name="WizNino Repository" version="1.0.0" provider-name="WizNino">
    <extension point="xbmc.addon.repository" name="Example Repository">
        <dir minversion="18.0" maxversion="20.1.0">
            <info compressed="false">https://raw.githubusercontent.com/ninodademon/repository.WizNino/master/repo/zips/addons.xml</info>
            <checksum>https://raw.githubusercontent.com/ninodademon/repository.WizNino/master/repo/zips/addons.xml.md5</checksum>
            <datadir zip="true">https://raw.githubusercontent.com/ninodademon/repository.WizNino/master/repo/zips/</datadir>
        </dir>
    </extension>
    <extension point="xbmc.addon.metadata">
        <summary>WizNino Repository</summary>
        <description>New Repository for Addons, Wizards, Etc</description>
        <disclaimer></disclaimer>
        <platform>all</platform>
        <assets>
            <icon>icon.png</icon>
            <fanart>fanart.jpg</fanart>
        </assets>
    </extension>
</addon>
